Method,Direction,TOF_days,dV1_km_s,dV2_km_s,dVtotal_km_s,FinalPositionError_km,nRev,aPhase_km,rpPhase_km,V1x,V1y,V1z,V2minus_x,V2minus_y,V2minus_z
Lambert,Prograde,1.0000000000,2.0978306675,0.9983726035,3.0962032709,0.0000000000e+00,NaN,NaN,NaN,-1.0081203308,-3.1738142213,-0.0000000000,-1.9258103971,2.6385011882,0.0000000000
Lambert,Prograde,1.0500000000,2.0824628886,0.8612680301,2.9437309187,0.0000000000e+00,NaN,NaN,NaN,-0.8544092035,-3.2373565370,-0.0000000000,-2.5705641080,2.0454152377,0.0000000000
Lambert,Prograde,1.1000000000,2.0706964485,0.7404819546,2.8111784030,0.0000000000e+00,NaN,NaN,NaN,-0.7115631633,-3.2858310751,-0.0000000000,-3.0404213682,1.2805767398,0.0000000000
Lambert,Prograde,1.1500000000,2.0617240001,0.6347791989,2.6965031991,0.0000000000e+00,NaN,NaN,NaN,-0.5780971794,-3.3224136402,-0.0000000000,-3.2856278626,0.3978808708,0.0000000000
Lambert,Prograde,1.2000000000,2.0549714470,0.5434564907,2.5984279377,0.0000000000e+00,NaN,NaN,NaN,-0.4518508347,-3.3496355336,-0.0000000000,-3.2740997203,-0.5343494170,-0.0000000000
Lambert,Prograde,1.2250000000,2.0523047628,0.5031939842,2.5554987470,0.0000000000e+00,NaN,NaN,NaN,-0.3904975350,-3.3603722185,-0.0000000000,-3.1678139907,-0.9952764366,-0.0000000000
Lambert,Prograde,1.2750000000,2.0482578134,0.4342404972,2.4824983107,0.0000000000e+00,NaN,NaN,NaN,-0.2684114689,-3.3770830689,-0.0000000000,-2.7578268229,-1.8579980837,-0.0000000000
Lambert,Prograde,1.3250000000,2.0459703967,0.3838910095,2.4298614062,0.0000000000e+00,NaN,NaN,NaN,-0.1395159097,-3.3883113713,-0.0000000000,-2.1032377211,-2.5802210408,-0.0000000000
Lambert,Prograde,1.3750000000,2.0464194553,0.3657532784,2.4121727337,0.0000000000e+00,NaN,NaN,NaN,0.0232298870,-3.3936828995,-0.0000000000,-1.2277966098,-3.0969613540,-0.0000000000
